{"textures":{"0":"modelengine:entity/mosquito"},"elements":[{"name":"abdomen","from":[6.5,6.8,8.0],"to":[9.5,9.2,11.6],"rotation":{"angle":0.0,"axis":"x","origin":[8.0,8.0,8.0]},"faces":{"down":{"uv":[0.0,5.75,1.25,7.25],"rotation":0,"texture":"#0","tintindex":0},"east":{"uv":[4.0,4.25,5.5,5.25],"rotation":0,"texture":"#0","tintindex":0},"north":{"uv":[1.25,4.25,2.5,5.25],"rotation":0,"texture":"#0","tintindex":0},"south":{"uv":[1.25,5.25,2.5,6.25],"rotation":0,"texture":"#0","tintindex":0},"up":{"uv":[0.0,4.25,1.25,5.75],"rotation":0,"texture":"#0","tintindex":0},"west":{"uv":[2.5,4.25,4.0,5.25],"rotation":0,"texture":"#0","tintindex":0}}}],"display":{"head":{"translation":[0.0,-6.4,0.0],"rotation":[0.0,0.0,0.0],"scale":[3.8095,3.8095,3.8095]}}}