{"textures":{"0":"modelengine:entity/mosquito"},"elements":[{"name":"right_wing","from":[0.19999981,8.0,8.0],"to":[8.0,8.0,11.6],"rotation":{"angle":0.0,"axis":"x","origin":[8.0,8.0,8.0]},"faces":{"down":{"uv":[14.75,6.5,11.5,8.0],"rotation":0,"texture":"#0","tintindex":0},"east":{"uv":[10.5,12.0,7.5,12.0],"rotation":0,"texture":"#0","tintindex":0},"north":{"uv":[7.5,12.0,3.0,12.0],"rotation":0,"texture":"#0","tintindex":0},"south":{"uv":[15.0,12.0,10.5,12.0],"rotation":0,"texture":"#0","tintindex":0},"up":{"uv":[14.75,8.0,11.5,6.5],"rotation":0,"texture":"#0","tintindex":0},"west":{"uv":[3.0,12.0,0.0,12.0],"rotation":0,"texture":"#0","tintindex":0}}}],"display":{"head":{"translation":[0.0,-6.4,0.0],"rotation":[0.0,0.0,0.0],"scale":[3.8095,3.8095,3.8095]}}}