{
    "textures": {
        "0": "custommobs:entity/mosquito"
    },
    "elements": [
        {
            "name": "torso",
            "from": [
                5.8999996,
                3.7999997,
                8.6
            ],
            "to": [
                10.1,
                8.0,
                14.6
            ],
            "rotation": {
                "angle": 0.0,
                "axis": "x",
                "origin": [
                    8.0,
                    8.0,
                    8.6
                ]
            },
            "faces": {
                "down": {
                    "uv": [
                        6.0,
                        0.0,
                        4.25,
                        2.5
                    ],
                    "rotation": 0,
                    "texture": "#0",
                    "tintindex": 0
                },
                "east": {
                    "uv": [
                        0.0,
                        2.5,
                        2.5,
                        4.25
                    ],
                    "rotation": 0,
                    "texture": "#0",
                    "tintindex": 0
                },
                "north": {
                    "uv": [
                        2.5,
                        2.5,
                        4.25,
                        4.25
                    ],
                    "rotation": 0,
                    "texture": "#0",
                    "tintindex": 0
                },
                "south": {
                    "uv": [
                        6.75,
                        2.5,
                        8.5,
                        4.25
                    ],
                    "rotation": 0,
                    "texture": "#0",
                    "tintindex": 0
                },
                "up": {
                    "uv": [
                        4.25,
                        2.5,
                        2.5,
                        0.0
                    ],
                    "rotation": 0,
                    "texture": "#0",
                    "tintindex": 0
                },
                "west": {
                    "uv": [
                        4.25,
                        2.5,
                        6.75,
                        4.25
                    ],
                    "rotation": 0,
                    "texture": "#0",
                    "tintindex": 0
                }
            }
        },
        {
            "name": "needle_base",
            "from": [
                7.4,
                4.1,
                7.4
            ],
            "to": [
                8.6,
                5.3,
                8.6
            ],
            "rotation": {
                "angle": 0.0,
                "axis": "x",
                "origin": [
                    8.0,
                    4.7,
                    8.6
                ]
            },
            "faces": {
                "down": {
                    "uv": [
                        4.5,
                        5.25,
                        5.0,
                        5.75
                    ],
                    "rotation": 0,
                    "texture": "#0",
                    "tintindex": 0
                },
                "east": {
                    "uv": [
                        3.0,
                        5.25,
                        3.5,
                        5.75
                    ],
                    "rotation": 0,
                    "texture": "#0",
                    "tintindex": 0
                },
                "north": {
                    "uv": [
                        2.5,
                        5.25,
                        3.0,
                        5.75
                    ],
                    "rotation": 0,
                    "texture": "#0",
                    "tintindex": 0
                },
                "south": {
                    "uv": [
                        2.5,
                        5.75,
                        3.0,
                        6.25
                    ],
                    "rotation": 0,
                    "texture": "#0",
                    "tintindex": 0
                },
                "up": {
                    "uv": [
                        4.0,
                        5.25,
                        4.5,
                        5.75
                    ],
                    "rotation": 0,
                    "texture": "#0",
                    "tintindex": 0
                },
                "west": {
                    "uv": [
                        3.5,
                        5.25,
                        4.0,
                        5.75
                    ],
                    "rotation": 0,
                    "texture": "#0",
                    "tintindex": 0
                }
            }
        },
        {
            "name": "needle",
            "from": [
                8.0,
                4.079678,
                5.118571
            ],
            "to": [
                8.0,
                4.679678,
                7.518571
            ],
            "rotation": {
                "angle": -22.5,
                "axis": "x",
                "origin": [
                    8.0,
                    4.3999996,
                    7.4
                ]
            },
            "faces": {
                "down": {
                    "uv": [
                        6.0,
                        0.0,
                        4.25,
                        2.5
                    ],
                    "rotation": 0,
                    "texture": "#0",
                    "tintindex": 0
                },
                "east": {
                    "uv": [
                        4.5,
                        4.75,
                        5.5,
                        5.0
                    ],
                    "rotation": 0,
                    "texture": "#0",
                    "tintindex": 0
                },
                "north": {
                    "uv": [
                        2.5,
                        2.5,
                        4.25,
                        4.25
                    ],
                    "rotation": 0,
                    "texture": "#0",
                    "tintindex": 0
                },
                "south": {
                    "uv": [
                        6.75,
                        2.5,
                        8.5,
                        4.25
                    ],
                    "rotation": 0,
                    "texture": "#0",
                    "tintindex": 0
                },
                "up": {
                    "uv": [
                        4.25,
                        2.5,
                        2.5,
                        0.0
                    ],
                    "rotation": 0,
                    "texture": "#0",
                    "tintindex": 0
                },
                "west": {
                    "uv": [
                        4.5,
                        4.75,
                        5.5,
                        5.0
                    ],
                    "rotation": 0,
                    "texture": "#0",
                    "tintindex": 0
                }
            }
        }
    ],
    "display": {
        "head": {
            "translation": [
                0.0,
                -6.4,
                0.0
            ],
            "rotation": [
                0.0,
                0.0,
                0.0
            ],
            "scale": [
                3.8095,
                3.8095,
                3.8095
            ]
        }
    }
}