{"textures":{"0":"modelengine:entity/mosquito"},"elements":[{"name":"antena_left","from":[8.9,6.8,6.8],"to":[8.9,8.0,8.6],"rotation":{"angle":0.0,"axis":"x","origin":[8.0,8.0,8.0]},"faces":{"down":{"uv":[0.0,0.0,0.0,1.5],"rotation":0,"texture":"#0","tintindex":0},"east":{"uv":[2.25,1.5,1.5,2.0],"rotation":0,"texture":"#0","tintindex":0},"north":{"uv":[0.0,0.0,0.0,1.0],"rotation":0,"texture":"#0","tintindex":0},"south":{"uv":[0.0,0.0,0.0,1.0],"rotation":0,"texture":"#0","tintindex":0},"up":{"uv":[0.0,0.0,0.0,1.5],"rotation":0,"texture":"#0","tintindex":0},"west":{"uv":[1.5,1.5,2.25,2.0],"rotation":0,"texture":"#0","tintindex":0}}},{"name":"antena_right","from":[7.1,6.8,6.8],"to":[7.1,8.0,8.6],"rotation":{"angle":0.0,"axis":"x","origin":[8.0,8.0,8.0]},"faces":{"down":{"uv":[0.0,0.0,0.0,1.5],"rotation":0,"texture":"#0","tintindex":0},"east":{"uv":[0.5,0.75,1.25,1.25],"rotation":0,"texture":"#0","tintindex":0},"north":{"uv":[0.0,0.0,0.0,1.0],"rotation":0,"texture":"#0","tintindex":0},"south":{"uv":[0.0,0.0,0.0,1.0],"rotation":0,"texture":"#0","tintindex":0},"up":{"uv":[0.0,0.0,0.0,1.5],"rotation":0,"texture":"#0","tintindex":0},"west":{"uv":[1.25,0.75,0.5,1.25],"rotation":0,"texture":"#0","tintindex":0}}},{"name":"legs1","from":[6.5,2.6,10.4],"to":[9.5,3.7999997,10.4],"rotation":{"angle":-22.5,"axis":"x","origin":[8.0,3.7999997,10.4]},"faces":{"down":{"uv":[0.0,0.0,2.5,0.0],"rotation":0,"texture":"#0","tintindex":0},"east":{"uv":[0.0,0.0,0.0,1.0],"rotation":0,"texture":"#0","tintindex":0},"north":{"uv":[6.75,0.75,8.0,0.25],"rotation":0,"texture":"#0","tintindex":0},"south":{"uv":[6.75,0.75,8.0,0.25],"rotation":0,"texture":"#0","tintindex":0},"up":{"uv":[0.0,0.0,2.5,0.0],"rotation":0,"texture":"#0","tintindex":0},"west":{"uv":[0.0,0.0,0.0,1.0],"rotation":0,"texture":"#0","tintindex":0}}},{"name":"legs2","from":[6.5,2.6,11.6],"to":[9.5,3.7999997,11.6],"rotation":{"angle":-22.5,"axis":"x","origin":[8.0,3.7999997,11.6]},"faces":{"down":{"uv":[0.0,0.0,2.5,0.0],"rotation":0,"texture":"#0","tintindex":0},"east":{"uv":[0.0,0.0,0.0,1.0],"rotation":0,"texture":"#0","tintindex":0},"north":{"uv":[6.75,1.25,8.0,0.75],"rotation":0,"texture":"#0","tintindex":0},"south":{"uv":[6.75,1.25,8.0,0.75],"rotation":0,"texture":"#0","tintindex":0},"up":{"uv":[0.0,0.0,2.5,0.0],"rotation":0,"texture":"#0","tintindex":0},"west":{"uv":[0.0,0.0,0.0,1.0],"rotation":0,"texture":"#0","tintindex":0}}},{"name":"legs3","from":[6.5,2.6,12.8],"to":[9.5,3.7999997,12.8],"rotation":{"angle":-22.5,"axis":"x","origin":[8.0,3.7999997,12.8]},"faces":{"down":{"uv":[0.0,0.0,2.5,0.0],"rotation":0,"texture":"#0","tintindex":0},"east":{"uv":[0.0,0.0,0.0,1.0],"rotation":0,"texture":"#0","tintindex":0},"north":{"uv":[6.75,1.75,8.0,1.25],"rotation":0,"texture":"#0","tintindex":0},"south":{"uv":[6.75,1.75,8.0,1.25],"rotation":0,"texture":"#0","tintindex":0},"up":{"uv":[0.0,0.0,2.5,0.0],"rotation":0,"texture":"#0","tintindex":0},"west":{"uv":[0.0,0.0,0.0,1.0],"rotation":0,"texture":"#0","tintindex":0}}},{"name":"torso","from":[5.8999996,3.7999997,8.6],"to":[10.1,8.0,14.6],"rotation":{"angle":0.0,"axis":"x","origin":[8.0,8.0,8.6]},"faces":{"down":{"uv":[6.0,0.0,4.25,2.5],"rotation":0,"texture":"#0","tintindex":0},"east":{"uv":[0.0,2.5,2.5,4.25],"rotation":0,"texture":"#0","tintindex":0},"north":{"uv":[2.5,2.5,4.25,4.25],"rotation":0,"texture":"#0","tintindex":0},"south":{"uv":[6.75,2.5,8.5,4.25],"rotation":0,"texture":"#0","tintindex":0},"up":{"uv":[4.25,2.5,2.5,0.0],"rotation":0,"texture":"#0","tintindex":0},"west":{"uv":[4.25,2.5,6.75,4.25],"rotation":0,"texture":"#0","tintindex":0}}},{"name":"needle_base","from":[7.4,4.1,7.4],"to":[8.6,5.3,8.6],"rotation":{"angle":0.0,"axis":"x","origin":[8.0,4.7,8.6]},"faces":{"down":{"uv":[4.5,5.25,5.0,5.75],"rotation":0,"texture":"#0","tintindex":0},"east":{"uv":[3.0,5.25,3.5,5.75],"rotation":0,"texture":"#0","tintindex":0},"north":{"uv":[2.5,5.25,3.0,5.75],"rotation":0,"texture":"#0","tintindex":0},"south":{"uv":[2.5,5.75,3.0,6.25],"rotation":0,"texture":"#0","tintindex":0},"up":{"uv":[4.0,5.25,4.5,5.75],"rotation":0,"texture":"#0","tintindex":0},"west":{"uv":[3.5,5.25,4.0,5.75],"rotation":0,"texture":"#0","tintindex":0}}},{"name":"needle","from":[8.0,4.079678,5.118571],"to":[8.0,4.679678,7.518571],"rotation":{"angle":-22.5,"axis":"x","origin":[8.0,4.3999996,7.4]},"faces":{"down":{"uv":[6.0,0.0,4.25,2.5],"rotation":0,"texture":"#0","tintindex":0},"east":{"uv":[4.5,4.75,5.5,5.0],"rotation":0,"texture":"#0","tintindex":0},"north":{"uv":[2.5,2.5,4.25,4.25],"rotation":0,"texture":"#0","tintindex":0},"south":{"uv":[6.75,2.5,8.5,4.25],"rotation":0,"texture":"#0","tintindex":0},"up":{"uv":[4.25,2.5,2.5,0.0],"rotation":0,"texture":"#0","tintindex":0},"west":{"uv":[4.5,4.75,5.5,5.0],"rotation":0,"texture":"#0","tintindex":0}}}],"display":{"head":{"translation":[0.0,-6.4,0.0],"rotation":[0.0,0.0,0.0],"scale":[3.8095,3.8095,3.8095]}}}