{
	"credit": "Made with Blockbench",
	"texture_size": [32, 32],
	"textures": {
		"0": "custommobs:entity/mosquito",
		"particle": "custommobs:entity/mosquito"
	},
	"elements": [
		{
			"name": "base",
			"from": [7, 0.5, 0],
			"to": [9, 2.5, 2],
			"rotation": {"angle": 0, "axis": "y", "origin": [0.5, 0, 0]},
			"faces": {
				"north": {"uv": [2.5, 5.25, 3, 5.75], "texture": "#0", "tintindex": 0},
				"east": {"uv": [3, 5.25, 3.5, 5.75], "texture": "#0", "tintindex": 0},
				"south": {"uv": [2.5, 5.75, 3, 6.25], "texture": "#0", "tintindex": 0},
				"west": {"uv": [3.5, 5.25, 4, 5.75], "texture": "#0", "tintindex": 0},
				"up": {"uv": [4, 5.25, 4.5, 5.75], "texture": "#0", "tintindex": 0},
				"down": {"uv": [4.5, 5.25, 5, 5.75], "texture": "#0", "tintindex": 0}
			}
		},
		{
			"name": "needle",
			"from": [8, 0.42807, -3.61104],
			"to": [8, 1.42807, 0.38896],
			"rotation": {"angle": -22.5, "axis": "x", "origin": [8.5, 0.5, 0]},
			"faces": {
				"north": {"uv": [2.5, 2.5, 4.25, 4.25], "texture": "#0", "tintindex": 0},
				"east": {"uv": [4.5, 4.75, 5.5, 5], "texture": "#0", "tintindex": 0},
				"south": {"uv": [6.75, 2.5, 8.5, 4.25], "texture": "#0", "tintindex": 0},
				"west": {"uv": [4.5, 4.75, 5.5, 5], "texture": "#0", "tintindex": 0},
				"up": {"uv": [4.25, 2.5, 2.5, 0], "texture": "#0", "tintindex": 0},
				"down": {"uv": [6, 0, 4.25, 2.5], "texture": "#0", "tintindex": 0}
			}
		},
		{
			"name": "torso",
			"from": [4.5, 0, 2],
			"to": [11.5, 7, 12],
			"rotation": {"angle": 0, "axis": "y", "origin": [0.5, 0, 0]},
			"faces": {
				"north": {"uv": [2.5, 2.5, 4.25, 4.25], "texture": "#0", "tintindex": 0},
				"east": {"uv": [0, 2.5, 2.5, 4.25], "texture": "#0", "tintindex": 0},
				"south": {"uv": [6.75, 2.5, 8.5, 4.25], "texture": "#0", "tintindex": 0},
				"west": {"uv": [4.25, 2.5, 6.75, 4.25], "texture": "#0", "tintindex": 0},
				"up": {"uv": [4.25, 2.5, 2.5, 0], "texture": "#0", "tintindex": 0},
				"down": {"uv": [6, 0, 4.25, 2.5], "texture": "#0", "tintindex": 0}
			}
		},
		{
			"name": "abdomen",
			"from": [5.5, 0, 10],
			"to": [10.5, 4, 16],
			"rotation": {"angle": 22.5, "axis": "x", "origin": [0.5, 0, 12]},
			"faces": {
				"north": {"uv": [1.25, 4.25, 2.5, 5.25], "texture": "#0", "tintindex": 0},
				"east": {"uv": [4, 4.25, 5.5, 5.25], "texture": "#0", "tintindex": 0},
				"south": {"uv": [1.25, 5.25, 2.5, 6.25], "texture": "#0", "tintindex": 0},
				"west": {"uv": [2.5, 4.25, 4, 5.25], "texture": "#0", "tintindex": 0},
				"up": {"uv": [0, 4.25, 1.25, 5.75], "texture": "#0", "tintindex": 0},
				"down": {"uv": [0, 5.75, 1.25, 7.25], "texture": "#0", "tintindex": 0}
			}
		},
		{
			"name": "left_wing",
			"from": [9.5, 7, 4],
			"to": [22.5, 7, 10],
			"shade": false,
			"rotation": {"angle": 22.5, "axis": "z", "origin": [9.5, 7, 4]},
			"faces": {
				"north": {"uv": [7.5, 12, 3, 12], "texture": "#0"},
				"east": {"uv": [10.5, 12, 7.5, 12], "texture": "#0"},
				"south": {"uv": [15, 12, 10.5, 12], "texture": "#0"},
				"west": {"uv": [3, 12, 0, 12], "texture": "#0"},
				"up": {"uv": [11.75, 6.5, 8.5, 5], "texture": "#0"},
				"down": {"uv": [11.75, 5, 8.5, 6.5], "texture": "#0"}
			}
		},
		{
			"name": "left_wing",
			"from": [-6.5, 7, 4],
			"to": [6.5, 7, 10],
			"shade": false,
			"rotation": {"angle": -22.5, "axis": "z", "origin": [6.5, 7, 4]},
			"faces": {
				"north": {"uv": [7.5, 12, 3, 12], "texture": "#0"},
				"east": {"uv": [10.5, 12, 7.5, 12], "texture": "#0"},
				"south": {"uv": [15, 12, 10.5, 12], "texture": "#0"},
				"west": {"uv": [3, 12, 0, 12], "texture": "#0"},
				"up": {"uv": [14.75, 8, 11.5, 6.5], "texture": "#0"},
				"down": {"uv": [14.75, 6.5, 11.5, 8], "texture": "#0"}
			}
		}
	],
	"display": {
		"head": {
			"translation": [1.75, -41, 2.25],
			"scale": [1.75, 1.75, 1.75]
		}
	},
	"groups": [
		{
			"name": "needle",
			"origin": [0, 0, 0],
			"color": 0,
			"children": [0, 1]
		},
		{
			"name": "torso",
			"origin": [0, 0, 0],
			"color": 0,
			"children": [2]
		},
		{
			"name": "abdomen",
			"origin": [0, 0, 12],
			"color": 0,
			"children": [3]
		},
		{
			"name": "left_wing",
			"origin": [8, 8, 8],
			"color": 0,
			"children": [4]
		},
		{
			"name": "right_wing",
			"origin": [8, 8, 8],
			"color": 0,
			"children": [5]
		}
	]
}