{"textures":{"0":"modelengine:entity/cactus_creeper"},"elements":[{"name":"body","from":[5.6,11.6,6.2],"to":[10.4,17.6,9.8],"rotation":{"angle":0.0,"axis":"x","origin":[8.0,11.6,8.0]},"faces":{"down":{"uv":[9.5,8.0,7.5,11.0],"rotation":0,"texture":"#0","tintindex":0},"east":{"uv":[4.0,11.0,5.5,16.0],"rotation":0,"texture":"#0","tintindex":0},"north":{"uv":[5.5,11.0,7.5,16.0],"rotation":0,"texture":"#0","tintindex":0},"south":{"uv":[9.0,11.0,11.0,16.0],"rotation":0,"texture":"#0","tintindex":0},"up":{"uv":[7.5,11.0,5.5,8.0],"rotation":0,"texture":"#0","tintindex":0},"west":{"uv":[7.5,11.0,9.0,16.0],"rotation":0,"texture":"#0","tintindex":0}}}],"display":{"head":{"translation":[0.0,-6.4,0.0],"rotation":[0.0,0.0,0.0],"scale":[3.8095,3.8095,3.8095]}}}