{"textures":{"0":"modelengine:entity/cactus_creeper"},"elements":[{"name":"leg1","from":[6.8,4.3999996,6.2],"to":[9.2,8.0,8.6],"rotation":{"angle":0.0,"axis":"x","origin":[6.8,4.3999996,5.6]},"faces":{"down":{"uv":[3.0,8.0,2.0,10.0],"rotation":0,"texture":"#0","tintindex":0},"east":{"uv":[0.0,10.0,1.0,13.0],"rotation":0,"texture":"#0","tintindex":0},"north":{"uv":[1.0,10.0,2.0,13.0],"rotation":0,"texture":"#0","tintindex":0},"south":{"uv":[4.0,10.0,3.0,13.0],"rotation":0,"texture":"#0","tintindex":0},"up":{"uv":[2.0,10.0,1.0,8.0],"rotation":0,"texture":"#0","tintindex":0},"west":{"uv":[2.0,10.0,3.0,13.0],"rotation":0,"texture":"#0","tintindex":0}}}],"display":{"head":{"translation":[0.0,-6.4,0.0],"rotation":[0.0,0.0,0.0],"scale":[3.8095,3.8095,3.8095]}}}