{"textures":{"0":"modelengine:entity/cactus_creeper"},"elements":[{"name":"leg4","from":[6.8,4.3999996,7.4],"to":[9.2,8.0,9.8],"rotation":{"angle":0.0,"axis":"x","origin":[9.2,4.3999996,10.4]},"faces":{"down":{"uv":[3.0,8.0,2.0,10.0],"rotation":0,"texture":"#0","tintindex":0},"east":{"uv":[0.0,10.0,1.0,13.0],"rotation":0,"texture":"#0","tintindex":0},"north":{"uv":[2.0,10.0,1.0,13.0],"rotation":0,"texture":"#0","tintindex":0},"south":{"uv":[3.0,10.0,4.0,13.0],"rotation":0,"texture":"#0","tintindex":0},"up":{"uv":[1.0,10.0,2.0,8.0],"rotation":0,"texture":"#0","tintindex":0},"west":{"uv":[2.0,10.0,3.0,13.0],"rotation":0,"texture":"#0","tintindex":0}}}],"display":{"head":{"translation":[0.0,-6.4,0.0],"rotation":[0.0,0.0,0.0],"scale":[3.8095,3.8095,3.8095]}}}