{
	"credit": "PandaDev",
    "ambientocclusion": true,
	"textures": {
		"particle": "#rail"
	},
	"elements": [
		{
			"from": [1, 0, 1],
			"to": [16, 1, 16],
			"faces": {
				"north": {"uv": [16, 1, 1, 2], "texture": "#rail"},
				"east": {"uv": [15, 1, 16, 16], "rotation": 90, "texture": "#rail", "cullface": "east"},
				"south": {"uv": [1, 15, 16, 16], "texture": "#rail", "cullface": "south"},
				"west": {"uv": [1, 1, 2, 16], "rotation": 270, "texture": "#rail"},
				"up": {"uv": [1, 1, 16, 16], "texture": "#rail"},
				"down": {"uv": [1, 16, 16, 1], "texture": "#rail", "cullface": "down"}
			}
		},
		{
			"from": [5, 0, 5],
			"to": [8, 1, 8],
			"faces": {
				"north": {"uv": [8, 5, 5, 6], "texture": "#rail"},
				"east": {"uv": [7, 5, 8, 8], "rotation": 90, "texture": "#rail"},
				"south": {"uv": [5, 7, 8, 8], "texture": "#rail"},
				"west": {"uv": [5, 8, 6, 5], "rotation": 90, "texture": "#rail"}
			}
		},
		{
			"from": [2, 0, 12],
			"to": [4, 1, 16],
			"faces": {
				"east": {"uv": [3, 12, 4, 16], "rotation": 90, "texture": "#rail"},
				"west": {"uv": [2, 16, 3, 12], "rotation": 90, "texture": "#rail"}
			}
		},
		{
			"from": [11, 0, 2],
			"to": [16, 1, 4],
			"faces": {
				"north": {"uv": [16, 2, 11, 3], "texture": "#rail"},
				"south": {"uv": [11, 3, 16, 4], "texture": "#rail"}
			}
		},
		{
			"from": [11, 0, 1],
			"to": [13, 1, 3],
			"faces": {
				"east": {"uv": [12, 1, 13, 3], "rotation": 90, "texture": "#rail"},
				"west": {"uv": [11, 3, 12, 1], "rotation": 90, "texture": "#rail"}
			}
		},
		{
			"from": [1, 0, 11],
			"to": [3, 1, 13],
			"faces": {
				"north": {"uv": [3, 11, 1, 12], "texture": "#rail"},
				"south": {"uv": [1, 12, 3, 13], "texture": "#rail"}
			}
		},
		{
			"from": [3, 0, 10],
			"to": [5, 1, 12],
			"faces": {
				"north": {"uv": [5, 10, 3, 11], "texture": "#rail"},
				"east": {"uv": [4, 10, 5, 12], "rotation": 90, "texture": "#rail"},
				"west": {"uv": [3, 12, 4, 10], "rotation": 90, "texture": "#rail"}
			}
		},
		{
			"from": [10, 0, 3],
			"to": [12, 1, 5],
			"faces": {
				"north": {"uv": [12, 3, 10, 4], "texture": "#rail"},
				"south": {"uv": [10, 4, 12, 5], "texture": "#rail"},
				"west": {"uv": [10, 5, 11, 3], "rotation": 90, "texture": "#rail"}
			}
		},
		{
			"from": [8, 0, 4],
			"to": [10, 1, 6],
			"faces": {
				"north": {"uv": [10, 4, 8, 5], "texture": "#rail"},
				"east": {"uv": [9, 4, 10, 6], "rotation": 90, "texture": "#rail"},
				"south": {"uv": [8, 5, 10, 6], "texture": "#rail"},
				"west": {"uv": [8, 6, 9, 4], "rotation": 90, "texture": "#rail"}
			}
		},
		{
			"from": [4, 0, 8],
			"to": [6, 1, 10],
			"faces": {
				"north": {"uv": [4, 8, 6, 9], "texture": "#rail"},
				"east": {"uv": [5, 8, 6, 10], "rotation": 90, "texture": "#rail"},
				"south": {"uv": [4, 9, 6, 10], "texture": "#rail"},
				"west": {"uv": [4, 10, 5, 8], "rotation": 90, "texture": "#rail"}
			}
		},
		{
			"from": [4, 0, 12],
			"to": [7, 1, 14],
			"faces": {
				"north": {"uv": [7, 12, 4, 13], "texture": "#rail"},
				"east": {"uv": [6, 12, 7, 14], "rotation": 90, "texture": "#rail"},
				"south": {"uv": [4, 13, 7, 14], "texture": "#rail"}
			}
		},
		{
			"from": [12, 0, 4],
			"to": [14, 1, 7],
			"faces": {
				"east": {"uv": [13, 7, 14, 4], "rotation": 270, "texture": "#rail"},
				"south": {"uv": [12, 6, 14, 7], "texture": "#rail"},
				"west": {"uv": [12, 7, 13, 4], "rotation": 90, "texture": "#rail"}
			}
		},
		{
			"from": [7, 0, 13],
			"to": [10, 1, 15],
			"faces": {
				"north": {"uv": [10, 13, 7, 14], "texture": "#rail"},
				"east": {"uv": [9, 13, 10, 15], "rotation": 90, "texture": "#rail"},
				"south": {"uv": [7, 14, 10, 15], "texture": "#rail"},
				"west": {"uv": [7, 15, 8, 13], "rotation": 90, "texture": "#rail"}
			}
		},
		{
			"from": [13, 0, 7],
			"to": [15, 1, 10],
			"faces": {
				"north": {"uv": [15, 7, 13, 8], "texture": "#rail"},
				"east": {"uv": [14, 7, 15, 10], "rotation": 90, "texture": "#rail"},
				"south": {"uv": [13, 9, 15, 10], "texture": "#rail"},
				"west": {"uv": [13, 10, 14, 7], "rotation": 90, "texture": "#rail"}
			}
		},
		{
			"from": [10, 0, 14],
			"to": [15, 1, 16],
			"faces": {
				"north": {"uv": [15, 14, 10, 15], "texture": "#rail"},
				"east": {"uv": [14, 14, 15, 16], "rotation": 90, "texture": "#rail"},
				"west": {"uv": [10, 16, 11, 14], "rotation": 90, "texture": "#rail"}
			}
		},
		{
			"from": [14, 0, 10],
			"to": [16, 1, 15],
			"faces": {
				"north": {"uv": [16, 10, 14, 11], "texture": "#rail"},
				"south": {"uv": [14, 14, 16, 15], "texture": "#rail"},
				"west": {"uv": [14, 15, 15, 10], "rotation": 90, "texture": "#rail"}
			}
		},
		{
			"from": [7, 0, 7],
			"to": [9, 1, 9],
			"faces": {
				"north": {"uv": [9, 7, 7, 8], "texture": "#rail"},
				"east": {"uv": [8, 7, 9, 9], "rotation": 90, "texture": "#rail"},
				"south": {"uv": [7, 8, 9, 9], "texture": "#rail"},
				"west": {"uv": [7, 9, 8, 7], "rotation": 90, "texture": "#rail"}
			}
		},
		{
			"from": [8, 0, 8],
			"to": [10, 1, 10],
			"faces": {
				"north": {"uv": [10, 8, 8, 9], "texture": "#rail"},
				"east": {"uv": [9, 8, 10, 10], "rotation": 90, "texture": "#rail"},
				"south": {"uv": [8, 9, 10, 10], "texture": "#rail"},
				"west": {"uv": [8, 10, 9, 8], "rotation": 90, "texture": "#rail"}
			}
		},
		{
			"from": [9, 0, 9],
			"to": [11, 1, 11],
			"faces": {
				"north": {"uv": [11, 9, 9, 10], "texture": "#rail"},
				"east": {"uv": [10, 9, 11, 11], "rotation": 90, "texture": "#rail"},
				"south": {"uv": [9, 10, 11, 11], "texture": "#rail"},
				"west": {"uv": [9, 11, 10, 9], "rotation": 90, "texture": "#rail"}
			}
		},
		{
			"from": [10, 0, 10],
			"to": [12, 1, 12],
			"faces": {
				"north": {"uv": [12, 10, 10, 11], "texture": "#rail"},
				"east": {"uv": [11, 10, 12, 12], "rotation": 90, "texture": "#rail"},
				"south": {"uv": [10, 11, 12, 12], "texture": "#rail"},
				"west": {"uv": [10, 12, 11, 10], "rotation": 90, "texture": "#rail"}
			}
		},
		{
			"from": [11, 0, 11],
			"to": [13, 1, 13],
			"faces": {
				"north": {"uv": [13, 11, 11, 12], "texture": "#rail"},
				"east": {"uv": [12, 11, 13, 13], "rotation": 90, "texture": "#rail"},
				"south": {"uv": [11, 12, 13, 13], "texture": "#rail"},
				"west": {"uv": [11, 13, 12, 11], "rotation": 90, "texture": "#rail"}
			}
		},
		{
			"from": [12, 0, 12],
			"to": [14, 1, 14],
			"faces": {
				"north": {"uv": [14, 12, 12, 13], "texture": "#rail"},
				"west": {"uv": [12, 14, 13, 12], "rotation": 90, "texture": "#rail"}
			}
		}
	]
}