{
	"credit": "PandaDev",
    "ambientocclusion": true,
	"textures": {
		"particle": "#rail"
	},
	"elements": [
		{
			"from": [1, 8, -0.5],
			"to": [15, 9, 15.5],
			"rotation": {"angle": 45, "axis": "x", "origin": [8, 8.5, 7.5], "rescale": true},
			"faces": {
				"north": {"uv": [1, 0, 15, 1], "texture": "#rail"},
				"east": {"uv": [14, 0, 15, 16], "rotation": 90, "texture": "#rail"},
				"south": {"uv": [1, 15, 15, 16], "texture": "#rail"},
				"west": {"uv": [1, 0, 2, 16], "rotation": 270, "texture": "#rail"},
				"up": {"uv": [1, 0, 15, 16], "texture": "#rail"},
				"down": {"uv": [1, 16, 15, 0], "texture": "#rail"}
			}
		},
		{
			"from": [1, 8, 0.5],
			"to": [15, 9, 2.5],
			"rotation": {"angle": 45, "axis": "x", "origin": [8, 8.5, 7.5], "rescale": true},
			"faces": {
				"north": {"uv": [15, 1, 1, 2], "texture": "#rail"},
				"south": {"uv": [1, 2, 15, 3], "texture": "#rail"}
			}
		},
		{
			"from": [1, 8, 4.5],
			"to": [15, 9, 6.5],
			"rotation": {"angle": 45, "axis": "x", "origin": [8, 8.5, 7.5], "rescale": true},
			"faces": {
				"north": {"uv": [15, 5, 1, 6], "texture": "#rail"},
				"south": {"uv": [1, 6, 15, 7], "texture": "#rail"}
			}
		},
		{
			"from": [1, 8, 8.5],
			"to": [15, 9, 10.5],
			"rotation": {"angle": 45, "axis": "x", "origin": [8, 8.5, 7.5], "rescale": true},
			"faces": {
				"north": {"uv": [15, 9, 1, 10], "texture": "#rail"},
				"south": {"uv": [1, 10, 15, 11], "texture": "#rail"}
			}
		},
		{
			"from": [1, 8, 12.5],
			"to": [15, 9, 14.5],
			"rotation": {"angle": 45, "axis": "x", "origin": [8, 8.5, 7.5], "rescale": true},
			"faces": {
				"north": {"uv": [15, 13, 1, 14], "texture": "#rail"},
				"south": {"uv": [1, 14, 15, 15], "texture": "#rail"}
			}
		},
		{
			"from": [2, 8, -0.5],
			"to": [4, 9, 15.5],
			"rotation": {"angle": 45, "axis": "x", "origin": [8, 8.5, 7.5], "rescale": true},
			"faces": {
				"east": {"uv": [3, 0, 4, 16], "rotation": 90, "texture": "#rail"},
				"west": {"uv": [2, 16, 3, 0], "rotation": 90, "texture": "#rail"}
			}
		},
		{
			"from": [12, 8, -0.5],
			"to": [14, 9, 15.5],
			"rotation": {"angle": 45, "axis": "x", "origin": [8, 8.5, 7.5], "rescale": true},
			"faces": {
				"east": {"uv": [13, 0, 14, 16], "rotation": 90, "texture": "#rail"},
				"west": {"uv": [12, 16, 13, 0], "rotation": 90, "texture": "#rail"}
			}
		},
		{
			"from": [7, 8, 2.5],
			"to": [9, 9, 12.5],
			"rotation": {"angle": 45, "axis": "x", "origin": [8, 8.5, 7.5], "rescale": true},
			"faces": {
				"east": {"uv": [8, 3, 9, 13], "rotation": 90, "texture": "#rail"},
				"west": {"uv": [7, 3, 8, 13], "rotation": 270, "texture": "#rail"}
			}
		},
		{
			"from": [5, 8, 6.5],
			"to": [11, 9, 8.5],
			"rotation": {"angle": 45, "axis": "x", "origin": [8, 8.5, 7.5], "rescale": true},
			"faces": {
				"east": {"uv": [10, 7, 11, 9], "rotation": 90, "texture": "#rail"},
				"west": {"uv": [5, 7, 6, 9], "rotation": 270, "texture": "#rail"}
			}
		},
		{
			"from": [5, 8, -0.5],
			"to": [5, 9, 15.5],
			"rotation": {"angle": 45, "axis": "x", "origin": [8, 8.5, 7.5], "rescale": true},
			"faces": {
				"east": {"uv": [4, 0, 5, 16], "rotation": 90, "texture": "#rail"}
			}
		},
		{
			"from": [11, 8, -0.5],
			"to": [11, 9, 15.5],
			"rotation": {"angle": 45, "axis": "x", "origin": [8, 8.5, 7.5], "rescale": true},
			"faces": {
				"west": {"uv": [11, 0, 12, 16], "rotation": 270, "texture": "#rail"}
			}
		}
	]
}