{
	"credit": "Made with Blockbench",
	"texture_size": [64, 64],
	"textures": {
		"0": "hats/witch_hat",
		"1": "item/witch_hat",
		"particle": "hats/witch_hat"
	},
	"elements": [
		{
			"name": "bottom",
			"from": [0, 0, 0],
			"to": [16, 0, 16],
			"rotation": {"angle": 0, "axis": "x", "origin": [8, 0, 8]},
			"faces": {
				"north": {"uv": [4, 4, 8, 4], "texture": "#missing"},
				"east": {"uv": [0, 4, 4, 4], "texture": "#missing"},
				"south": {"uv": [12, 4, 16, 4], "texture": "#missing"},
				"west": {"uv": [8, 4, 12, 4], "texture": "#missing"},
				"up": {"uv": [4, 4, 0, 0], "texture": "#0"},
				"down": {"uv": [4, 0, 0, 4], "texture": "#0"}
			}
		},
		{
			"name": "base",
			"from": [4, 0, 4],
			"to": [12, 4, 12],
			"rotation": {"angle": 0, "axis": "x", "origin": [8, 0, 8]},
			"faces": {
				"north": {"uv": [2, 15, 4, 16], "texture": "#0"},
				"east": {"uv": [0, 15, 2, 16], "texture": "#0"},
				"south": {"uv": [6, 15, 8, 16], "texture": "#0"},
				"west": {"uv": [4, 15, 6, 16], "texture": "#0"},
				"up": {"uv": [4, 15, 2, 13], "texture": "#0"},
				"down": {"uv": [6, 13, 4, 15], "texture": "#0"}
			}
		},
		{
			"name": "base_overlay",
			"from": [3.875, 0, 3.875],
			"to": [12.125, 4.25, 12.125],
			"rotation": {"angle": 0, "axis": "y", "origin": [8, 0, 8]},
			"faces": {
				"north": {"uv": [10, 15, 12, 16], "texture": "#0"},
				"east": {"uv": [8, 15, 10, 16], "texture": "#0"},
				"south": {"uv": [14, 15, 16, 16], "texture": "#0"},
				"west": {"uv": [12, 15, 14, 16], "texture": "#0"},
				"up": {"uv": [12, 15, 10, 13], "texture": "#0"},
				"down": {"uv": [14, 13, 12, 15], "texture": "#0"}
			}
		},
		{
			"name": "hat2",
			"from": [5, 2.5, 4.5],
			"to": [11, 8.5, 10.5],
			"rotation": {"angle": 22.5, "axis": "x", "origin": [8.25, 2.75, 8]},
			"faces": {
				"north": {"uv": [1.5, 11.5, 3, 13], "texture": "#0"},
				"east": {"uv": [0, 11.5, 1.5, 13], "texture": "#0"},
				"south": {"uv": [4.5, 11.5, 6, 13], "texture": "#0"},
				"west": {"uv": [3, 11.5, 4.5, 13], "texture": "#0"},
				"up": {"uv": [3, 11.5, 1.5, 10], "texture": "#0"},
				"down": {"uv": [4.5, 10, 3, 11.5], "texture": "#0"}
			}
		},
		{
			"name": "hat2_overlay",
			"from": [4.875, 2.375, 4.375],
			"to": [11.125, 8.625, 10.625],
			"rotation": {"angle": 22.5, "axis": "x", "origin": [8.25, 2.75, 8]},
			"faces": {
				"north": {"uv": [7.5, 11.5, 9, 13], "texture": "#0"},
				"east": {"uv": [6, 11.5, 7.5, 13], "texture": "#0"},
				"south": {"uv": [10.5, 11.5, 12, 13], "texture": "#0"},
				"west": {"uv": [9, 11.5, 10.5, 13], "texture": "#0"},
				"up": {"uv": [9, 11.5, 7.5, 10], "texture": "#0"},
				"down": {"uv": [10.5, 10, 9, 11.5], "texture": "#0"}
			}
		},
		{
			"name": "hat3",
			"from": [6, 7.25, 6.75],
			"to": [10, 11.25, 10.75],
			"rotation": {"angle": 45, "axis": "x", "origin": [8, 7.25, 9.25]},
			"faces": {
				"north": {"uv": [1, 9, 2, 10], "texture": "#0"},
				"east": {"uv": [0, 9, 1, 10], "texture": "#0"},
				"south": {"uv": [3, 9, 4, 10], "texture": "#0"},
				"west": {"uv": [2, 9, 3, 10], "texture": "#0"},
				"up": {"uv": [2, 9, 1, 8], "texture": "#0"},
				"down": {"uv": [3, 8, 2, 9], "texture": "#0"}
			}
		},
		{
			"name": "hat4",
			"from": [7, 9.25, 11.75],
			"to": [9, 11.25, 14.75],
			"rotation": {"angle": -22.5, "axis": "x", "origin": [7, 9, 11.25]},
			"faces": {
				"north": {"uv": [1.5, 6.75, 1, 7.25], "rotation": 180, "texture": "#0"},
				"east": {"uv": [0, 7.25, 0.5, 8], "rotation": 270, "texture": "#0"},
				"south": {"uv": [1, 7.25, 0.5, 6.75], "texture": "#0"},
				"west": {"uv": [1, 7.25, 1.5, 8], "rotation": 90, "texture": "#0"},
				"up": {"uv": [0.5, 7.25, 1, 8], "rotation": 180, "texture": "#0"},
				"down": {"texture": "#0"}
			}
		},
		{
			"name": "hat5",
			"from": [8, 9.75, 14],
			"to": [8, 11.75, 17],
			"rotation": {"angle": 0, "axis": "x", "origin": [7, 11.25, 15.5]},
			"faces": {
				"north": {"uv": [0, 6, 0, 6.75], "rotation": 180, "texture": "#0"},
				"east": {"uv": [0.5, 6, 0, 6.75], "rotation": 270, "texture": "#0"},
				"south": {"uv": [0, 6, 0, 6.75], "texture": "#0"},
				"west": {"uv": [0, 6, 0.5, 6.75], "rotation": 90, "texture": "#0"},
				"up": {"uv": [0, 6, 0, 6.75], "rotation": 180, "texture": "#0"},
				"down": {"uv": [0, 6, 0, 6.75], "texture": "#0"}
			}
		},
		{
			"name": "gui",
			"from": [6, -0.0625, 6],
			"to": [10, -0.0625, 10],
			"faces": {
				"north": {"uv": [0, 0, 1, 0], "texture": "#missing"},
				"east": {"uv": [0, 0, 1, 0], "texture": "#missing"},
				"south": {"uv": [0, 0, 1, 0], "texture": "#missing"},
				"west": {"uv": [0, 0, 1, 0], "texture": "#missing"},
				"up": {"uv": [0, 0, 1, 1], "texture": "#missing"},
				"down": {"uv": [0, 0, 16, 16], "texture": "#1"}
			}
		}
	],
	"gui_light": "front",
	"display": {
		"gui": {
			"rotation": [-90, 0, 0],
			"scale": [4, 4, 4]
		},
		"head": {
			"rotation": [9.5, 0, 0],
			"translation": [0, 15.75, 2],
			"scale": [1.701, 1.701, 1.701]
		},
		"fixed": {
			"translation": [0, 48.25, 17.75],
			"scale": [4, 4, 4]
		}
	},
	"groups": [
		{
			"name": "hat",
			"origin": [8, 3.75, 8],
			"color": 0,
			"children": [
				0,
				1,
				2,
				{
					"name": "hat2",
					"origin": [8, 3.75, 8],
					"color": 0,
					"children": [
						3,
						4,
						{
							"name": "hat3",
							"origin": [8, 2.75, 7.75],
							"color": 0,
							"children": [
								5,
								{
									"name": "hat4",
									"origin": [8, 2.75, 7.75],
									"color": 0,
									"children": [
										6,
										{
											"name": "hat5",
											"origin": [8, 2.75, 7.75],
											"color": 0,
											"children": [7]
										}
									]
								}
							]
						}
					]
				}
			]
		},
		{
			"name": "gui",
			"origin": [8, 0, 8],
			"color": 0,
			"children": [8]
		}
	]
}