{
    "providers": [
        {
            "type": "bitmap",
            "file": "minecraft:font/minecraft_fullwidth.png",
            "ascent": 10,
            "height": 10,
            "chars": [
                "\uff00\uff01\uff02\uff03\uff04\uff05\uff06\uff07\uff08\uff09\uff0a\uff0b\uff0c\uff0d\uff0e\uff0f",
                "\uff10\uff11\uff12\uff13\uff14\uff15\uff16\uff17\uff18\uff19\uff1a\uff1b\uff1c\uff1d\uff1e\uff1f",
                "\uff20\uff21\uff22\uff23\uff24\uff25\uff26\uff27\uff28\uff29\uff2a\uff2b\uff2c\uff2d\uff2e\uff2f",
                "\uff30\uff31\uff32\uff33\uff34\uff35\uff36\uff37\uff38\uff39\uff3a\uff3b\uff3c\uff3d\uff3e\uff3f",
                "\uff40\uff41\uff42\uff43\uff44\uff45\uff46\uff47\uff48\uff49\uff4a\uff4b\uff4c\uff4d\uff4e\uff4f",
                "\uff50\uff51\uff52\uff53\uff54\uff55\uff56\uff57\uff58\uff59\uff5a\uff5b\uff5c\uff5d\uff5e\uff5f",
                "\uff60\uff61\uff62\uff63\uff64\uff65\uff66\uff67\uff68\uff69\uff6a\uff6b\uff6c\uff6d\uff6e\uff6f",
                "\uff70\uff71\uff72\uff73\uff74\uff75\uff76\uff77\uff78\uff79\uff7a\uff7b\uff7c\uff7d\uff7e\uff7f",
                "\uff80\uff81\uff82\uff83\uff84\uff85\uff86\uff87\uff88\uff89\uff8a\uff8b\uff8c\uff8d\uff8e\uff8f",
                "\uff90\uff91\uff92\uff93\uff94\uff95\uff96\uff97\uff98\uff99\uff9a\uff9b\uff9c\uff9d\uff9e\uff9f",
                "\uffa0\uffa1\uffa2\uffa3\uffa4\uffa5\uffa6\uffa7\uffa8\uffa9\uffaa\uffab\uffac\uffad\uffae\uffaf",
                "\uffb0\uffb1\uffb2\uffb3\uffb4\uffb5\uffb6\uffb7\uffb8\uffb9\uffba\uffbb\uffbc\uffbd\uffbe\uffbf",
                "\uffc0\uffc1\uffc2\uffc3\uffc4\uffc5\uffc6\uffc7\uffc8\uffc9\uffca\uffcb\uffcc\uffcd\uffce\uffcf",
                "\uffd0\uffd1\uffd2\uffd3\uffd4\uffd5\uffd6\uffd7\uffd8\uffd9\uffda\uffdb\uffdc\uffdd\uffde\uffdf",
                "\uffe0\uffe1\uffe2\uffe3\uffe4\uffe5\uffe6\uffe7\uffe8\uffe9\uffea\uffeb\uffec\uffed\uffee\uffef"
            ]
        },
        {
            "type": "ttf",
            "file": "minecraft:negative_space.ttf",
            "shift": [0.0, 0.0],
            "size": 10.0,
            "oversample": 1.0
        },
        {
            "type": "bitmap",
            "file": "minecraft:gui/title/greenpanda_left.png",
            "height": 64,
            "ascent": 24,
            "chars": [
                "\uE001"
            ]
        },
        {
            "type": "bitmap",
            "file": "minecraft:gui/title/greenpanda_right.png",
            "height": 64,
            "ascent": 24,
            "chars": [
                "\uE002"
            ]
        }
    ]
}