{
    "textures": {
        "0": "modelengine:entity/moobloom"
    },
    "elements": [
        {
            "name": "body",
            "from": [
                4.3999996,
                3.1999998,
                3.7999997
            ],
            "to": [
                11.6,
                14.0,
                9.8
            ],
            "rotation": {
                "angle": 0.0,
                "axis": "x",
                "origin": [
                    8.0,
                    -3.4000006,
                    6.8
                ]
            },
            "faces": {
                "down": {
                    "uv": [
                        13.0,
                        2.0,
                        10.0,
                        7.0
                    ],
                    "rotation": 0,
                    "texture": "#0",
                    "tintindex": 0
                },
                "east": {
                    "uv": [
                        4.5,
                        7.0,
                        7.0,
                        16.0
                    ],
                    "rotation": 0,
                    "texture": "#0",
                    "tintindex": 0
                },
                "north": {
                    "uv": [
                        7.0,
                        7.0,
                        10.0,
                        16.0
                    ],
                    "rotation": 0,
                    "texture": "#0",
                    "tintindex": 0
                },
                "south": {
                    "uv": [
                        12.5,
                        7.0,
                        15.5,
                        16.0
                    ],
                    "rotation": 0,
                    "texture": "#0",
                    "tintindex": 0
                },
                "up": {
                    "uv": [
                        10.0,
                        7.0,
                        7.0,
                        2.0
                    ],
                    "rotation": 0,
                    "texture": "#0",
                    "tintindex": 0
                },
                "west": {
                    "uv": [
                        10.0,
                        7.0,
                        12.5,
                        16.0
                    ],
                    "rotation": 0,
                    "texture": "#0",
                    "tintindex": 0
                }
            }
        },
        {
            "name": "udders",
            "from": [
                6.8,
                3.1999998,
                3.1999998
            ],
            "to": [
                9.2,
                6.8,
                3.7999997
            ],
            "rotation": {
                "angle": 0.0,
                "axis": "x",
                "origin": [
                    8.0,
                    -3.4000006,
                    6.8
                ]
            },
            "faces": {
                "down": {
                    "uv": [
                        12.0,
                        6.5,
                        11.0,
                        7.0
                    ],
                    "rotation": 0,
                    "texture": "#0",
                    "tintindex": 0
                },
                "east": {
                    "uv": [
                        7.75,
                        13.0,
                        8.0,
                        16.0
                    ],
                    "rotation": 0,
                    "texture": "#0",
                    "tintindex": 0
                },
                "north": {
                    "uv": [
                        8.0,
                        13.0,
                        9.0,
                        16.0
                    ],
                    "rotation": 0,
                    "texture": "#0",
                    "tintindex": 0
                },
                "south": {
                    "uv": [
                        8.0,
                        13.0,
                        9.0,
                        16.0
                    ],
                    "rotation": 0,
                    "texture": "#0",
                    "tintindex": 0
                },
                "up": {
                    "uv": [
                        12.0,
                        7.0,
                        11.0,
                        6.5
                    ],
                    "rotation": 0,
                    "texture": "#0",
                    "tintindex": 0
                },
                "west": {
                    "uv": [
                        9.0,
                        13.0,
                        9.25,
                        16.0
                    ],
                    "rotation": 0,
                    "texture": "#0",
                    "tintindex": 0
                }
            }
        }
    ],
    "display": {
        "head": {
            "translation": [
                0.0,
                -6.4,
                0.0
            ],
            "rotation": [
                0.0,
                0.0,
                0.0
            ],
            "scale": [
                3.8095,
                3.8095,
                3.8095
            ]
        }
    }
}