{"textures":{"0":"modelengine:entity/moobloom"},"elements":[{"name":"flower","from":[8.0,6.2,6.8],"to":[8.0,9.8,9.2],"rotation":{"angle":0.0,"axis":"x","origin":[8.6,-8.200001,14.6]},"faces":{"down":{"uv":[0.0,0.0,0.0,2.0],"rotation":0,"texture":"#0","tintindex":0},"east":{"uv":[14.0,4.0,13.0,7.0],"rotation":0,"texture":"#0","tintindex":0},"north":{"uv":[0.0,0.0,0.0,3.0],"rotation":0,"texture":"#0","tintindex":0},"south":{"uv":[0.0,0.0,0.0,3.0],"rotation":0,"texture":"#0","tintindex":0},"up":{"uv":[0.0,0.0,0.0,2.0],"rotation":0,"texture":"#0","tintindex":0},"west":{"uv":[13.0,4.0,14.0,7.0],"rotation":0,"texture":"#0","tintindex":0}}},{"name":"flower","from":[6.8,6.2,8.0],"to":[9.2,9.8,8.0],"rotation":{"angle":0.0,"axis":"x","origin":[8.6,3.7999997,9.8]},"faces":{"down":{"uv":[0.0,0.0,1.0,0.0],"rotation":0,"texture":"#0","tintindex":0},"east":{"uv":[0.0,0.0,0.0,3.0],"rotation":0,"texture":"#0","tintindex":0},"north":{"uv":[14.0,4.0,13.0,7.0],"rotation":0,"texture":"#0","tintindex":0},"south":{"uv":[13.0,4.0,14.0,7.0],"rotation":0,"texture":"#0","tintindex":0},"up":{"uv":[0.0,0.0,1.0,0.0],"rotation":0,"texture":"#0","tintindex":0},"west":{"uv":[0.0,0.0,0.0,3.0],"rotation":0,"texture":"#0","tintindex":0}}}],"display":{"head":{"translation":[0.0,-6.4,0.0],"rotation":[0.0,0.0,0.0],"scale":[3.8095,3.8095,3.8095]}}}