{
    "textures": {
        "0": "modelengine:entity/moobloom"
    },
    "elements": [
        {
            "name": "head",
            "from": [
                5.6,
                5.6,
                4.3999996
            ],
            "to": [
                10.4,
                10.4,
                8.0
            ],
            "rotation": {
                "angle": 0.0,
                "axis": "x",
                "origin": [
                    8.0,
                    -4.0000005,
                    12.8
                ]
            },
            "faces": {
                "down": {
                    "uv": [
                        5.5,
                        0.0,
                        3.5,
                        3.0
                    ],
                    "rotation": 0,
                    "texture": "#0",
                    "tintindex": 0
                },
                "east": {
                    "uv": [
                        0.0,
                        3.0,
                        1.5,
                        7.0
                    ],
                    "rotation": 0,
                    "texture": "#0",
                    "tintindex": 0
                },
                "north": {
                    "uv": [
                        1.5,
                        3.0,
                        3.5,
                        7.0
                    ],
                    "rotation": 0,
                    "texture": "#0",
                    "tintindex": 0
                },
                "south": {
                    "uv": [
                        5.0,
                        3.0,
                        7.0,
                        7.0
                    ],
                    "rotation": 0,
                    "texture": "#0",
                    "tintindex": 0
                },
                "up": {
                    "uv": [
                        3.5,
                        3.0,
                        1.5,
                        0.0
                    ],
                    "rotation": 0,
                    "texture": "#0",
                    "tintindex": 0
                },
                "west": {
                    "uv": [
                        3.5,
                        3.0,
                        5.0,
                        7.0
                    ],
                    "rotation": 0,
                    "texture": "#0",
                    "tintindex": 0
                }
            }
        },
        {
            "name": "l_horn",
            "from": [
                5.0,
                9.2,
                5.6
            ],
            "to": [
                5.6,
                11.0,
                6.2
            ],
            "rotation": {
                "angle": 0.0,
                "axis": "x",
                "origin": [
                    8.0,
                    -4.0000005,
                    12.8
                ]
            },
            "faces": {
                "down": {
                    "uv": [
                        6.25,
                        0.0,
                        6.0,
                        0.5
                    ],
                    "rotation": 0,
                    "texture": "#0",
                    "tintindex": 0
                },
                "east": {
                    "uv": [
                        5.5,
                        0.5,
                        5.75,
                        2.0
                    ],
                    "rotation": 0,
                    "texture": "#0",
                    "tintindex": 0
                },
                "north": {
                    "uv": [
                        5.75,
                        0.5,
                        6.0,
                        2.0
                    ],
                    "rotation": 0,
                    "texture": "#0",
                    "tintindex": 0
                },
                "south": {
                    "uv": [
                        6.25,
                        0.5,
                        6.5,
                        2.0
                    ],
                    "rotation": 0,
                    "texture": "#0",
                    "tintindex": 0
                },
                "up": {
                    "uv": [
                        6.0,
                        0.5,
                        5.75,
                        0.0
                    ],
                    "rotation": 0,
                    "texture": "#0",
                    "tintindex": 0
                },
                "west": {
                    "uv": [
                        6.0,
                        0.5,
                        6.25,
                        2.0
                    ],
                    "rotation": 0,
                    "texture": "#0",
                    "tintindex": 0
                }
            }
        },
        {
            "name": "r_horn",
            "from": [
                10.4,
                9.2,
                5.6
            ],
            "to": [
                11.0,
                11.0,
                6.2
            ],
            "rotation": {
                "angle": 0.0,
                "axis": "x",
                "origin": [
                    8.0,
                    -4.0000005,
                    12.8
                ]
            },
            "faces": {
                "down": {
                    "uv": [
                        6.25,
                        0.0,
                        6.0,
                        0.5
                    ],
                    "rotation": 0,
                    "texture": "#0",
                    "tintindex": 0
                },
                "east": {
                    "uv": [
                        5.5,
                        0.5,
                        5.75,
                        2.0
                    ],
                    "rotation": 0,
                    "texture": "#0",
                    "tintindex": 0
                },
                "north": {
                    "uv": [
                        5.75,
                        0.5,
                        6.0,
                        2.0
                    ],
                    "rotation": 0,
                    "texture": "#0",
                    "tintindex": 0
                },
                "south": {
                    "uv": [
                        6.25,
                        0.5,
                        6.5,
                        2.0
                    ],
                    "rotation": 0,
                    "texture": "#0",
                    "tintindex": 0
                },
                "up": {
                    "uv": [
                        6.0,
                        0.5,
                        5.75,
                        0.0
                    ],
                    "rotation": 0,
                    "texture": "#0",
                    "tintindex": 0
                },
                "west": {
                    "uv": [
                        6.0,
                        0.5,
                        6.25,
                        2.0
                    ],
                    "rotation": 0,
                    "texture": "#0",
                    "tintindex": 0
                }
            }
        },
        {
            "name": "flower",
            "from": [
                7.4,
                10.4,
                5.0
            ],
            "to": [
                7.4,
                14.0,
                7.4
            ],
            "rotation": {
                "angle": 0.0,
                "axis": "x",
                "origin": [
                    8.0,
                    -4.0000005,
                    12.8
                ]
            },
            "faces": {
                "down": {
                    "uv": [
                        0.0,
                        0.0,
                        0.0,
                        2.0
                    ],
                    "rotation": 0,
                    "texture": "#0",
                    "tintindex": 0
                },
                "east": {
                    "uv": [
                        14.0,
                        4.0,
                        13.0,
                        7.0
                    ],
                    "rotation": 0,
                    "texture": "#0",
                    "tintindex": 0
                },
                "north": {
                    "uv": [
                        0.0,
                        0.0,
                        0.0,
                        3.0
                    ],
                    "rotation": 0,
                    "texture": "#0",
                    "tintindex": 0
                },
                "south": {
                    "uv": [
                        0.0,
                        0.0,
                        0.0,
                        3.0
                    ],
                    "rotation": 0,
                    "texture": "#0",
                    "tintindex": 0
                },
                "up": {
                    "uv": [
                        0.0,
                        0.0,
                        0.0,
                        2.0
                    ],
                    "rotation": 0,
                    "texture": "#0",
                    "tintindex": 0
                },
                "west": {
                    "uv": [
                        13.0,
                        4.0,
                        14.0,
                        7.0
                    ],
                    "rotation": 0,
                    "texture": "#0",
                    "tintindex": 0
                }
            }
        },
        {
            "name": "flower",
            "from": [
                6.2,
                10.4,
                6.2
            ],
            "to": [
                8.6,
                14.0,
                6.2
            ],
            "rotation": {
                "angle": 0.0,
                "axis": "x",
                "origin": [
                    8.0,
                    8.0,
                    8.0
                ]
            },
            "faces": {
                "down": {
                    "uv": [
                        0.0,
                        0.0,
                        1.0,
                        0.0
                    ],
                    "rotation": 0,
                    "texture": "#0",
                    "tintindex": 0
                },
                "east": {
                    "uv": [
                        0.0,
                        0.0,
                        0.0,
                        3.0
                    ],
                    "rotation": 0,
                    "texture": "#0",
                    "tintindex": 0
                },
                "north": {
                    "uv": [
                        14.0,
                        4.0,
                        13.0,
                        7.0
                    ],
                    "rotation": 0,
                    "texture": "#0",
                    "tintindex": 0
                },
                "south": {
                    "uv": [
                        13.0,
                        4.0,
                        14.0,
                        7.0
                    ],
                    "rotation": 0,
                    "texture": "#0",
                    "tintindex": 0
                },
                "up": {
                    "uv": [
                        0.0,
                        0.0,
                        1.0,
                        0.0
                    ],
                    "rotation": 0,
                    "texture": "#0",
                    "tintindex": 0
                },
                "west": {
                    "uv": [
                        0.0,
                        0.0,
                        0.0,
                        3.0
                    ],
                    "rotation": 0,
                    "texture": "#0",
                    "tintindex": 0
                }
            }
        }
    ],
    "display": {
        "head": {
            "translation": [
                0.0,
                -6.4,
                0.0
            ],
            "rotation": [
                0.0,
                0.0,
                0.0
            ],
            "scale": [
                3.8095,
                3.8095,
                3.8095
            ]
        }
    }
}