{
	"texture_size": [64, 64],
	"textures": {
		"1": "greenpanda:entity/target_dummy"
	},
	"elements": [
		{
			"name": "body",
			"from": [-4, 12, -2],
			"to": [4, 24, 2],
			"shade": false,
			"rotation": {"angle": 0, "axis": "y", "origin": [0, 18, 0]},
			"faces": {
				"north": {"uv": [5, 5, 7, 8], "texture": "#1"},
				"east": {"uv": [4, 5, 5, 8], "texture": "#1"},
				"south": {"uv": [8, 5, 10, 8], "texture": "#1"},
				"west": {"uv": [7, 5, 8, 8], "texture": "#1"},
				"up": {"uv": [5, 4, 7, 5], "texture": "#1"},
				"down": {"uv": [7, 4, 9, 5], "texture": "#1"}
			}
		}
	],
	"display": {
		"fixed": {
			"translation": [8, 8, 8]
		}
	}
}