{
	"texture_size": [64, 64],
	"textures": {
		"1": "greenpanda:entity/target_dummy"
	},
	"elements": [
		{
			"name": "head",
			"from": [-4, 0, -4],
			"to": [4, 8, 4],
			"shade": false,
			"faces": {
				"north": {"uv": [2, 2, 4, 4], "texture": "#1"},
				"east": {"uv": [0, 2, 2, 4], "texture": "#1"},
				"south": {"uv": [6, 2, 8, 4], "texture": "#1"},
				"west": {"uv": [4, 2, 6, 4], "texture": "#1"},
				"up": {"uv": [2, 0, 4, 2], "texture": "#1"},
				"down": {"uv": [4, 0, 6, 2], "texture": "#1"}
			}
		}
	],
	"display": {
		"fixed": {
			"translation": [8, 8, 8]
		}
	}
}