{
	"texture_size": [64, 64],
	"textures": {
		"1": "greenpanda:entity/target_dummy"
	},
	"elements": [
		{
			"name": "rightLeg",
			"from": [-2, -12, -2],
			"to": [2, 0, 2],
			"shade": false,
			"faces": {
				"north": {"uv": [1, 5, 2, 8], "texture": "#1"},
				"east": {"uv": [0, 5, 1, 8], "texture": "#1"},
				"south": {"uv": [3, 5, 4, 8], "texture": "#1"},
				"west": {"uv": [2, 5, 3, 8], "texture": "#1"},
				"up": {"uv": [1, 5, 2, 4], "texture": "#1"},
				"down": {"uv": [2, 4, 3, 5], "texture": "#1"}
			}
		}
	],
	"display": {
		"fixed": {
			"translation": [8, 8, 8]
		}
	}
}