{
  "parent": "item/generated",
  "textures": {
    "layer0": "item/faction_key"
  },
  "gui_light": "front",
  "display": {
    "ground": {
      "rotation": [ 0, 0, 0 ],
      "translation": [ 0, 2.5, 0],
      "scale":[ 0.5, 0.5, 0.5 ]
    },
    "head": {
      "rotation": [ 0, 180, 0 ],
      "translation": [ 0, 13, 7],
      "scale":[ 1, 1, 1]
    },
    "thirdperson_righthand": {
      "rotation": [ 0, 0, 0 ],
      "translation": [ 0, 3.2, 1 ],
      "scale": [ 0.45, 0.45, 0.45 ]
    },
    "firstperson_righthand": {
      "rotation": [ 0, -90, 25 ],
      "translation": [ 1.13, 3.2, -1.5],
      "scale": [ 0.68, 0.68, 0.68 ]
    },
    "fixed": {
      "rotation": [ 0, 180, 0 ],
      "scale": [ 1, 1, 1 ]
    }
  }
}