{
    "parent": "item/handheld_rod",
    "textures": {
        "layer0": "item/fishing_rod"
    },
    "overrides": [
        {
            "predicate": {
                "cast": 1
            },
            "model": "item/fishing_rod_cast"
        },
        {"predicate": {"custom_model_data":206032}, "model":"item/copper_wrench"},
        {"predicate": {"custom_model_data":206032, "damage": 0.33}, "model":"item/exposed_copper_wrench"},
        {"predicate": {"custom_model_data":206032, "damage": 0.58}, "model":"item/weathered_copper_wrench"},
        {"predicate": {"custom_model_data":206032, "damage": 0.83}, "model":"item/oxidized_copper_wrench"}
    ]
}