{
    "parent":"item/generated",
    "textures": {
        "layer0":"item/leather_horse_armor"
    },
    "overrides": [
        {"predicate":{"custom_model_data":100},"model":"greenpanda:target_dummy/body"},
        {"predicate":{"custom_model_data":101},"model":"greenpanda:target_dummy/head"},
        {"predicate":{"custom_model_data":102},"model":"greenpanda:target_dummy/left_arm"},
        {"predicate":{"custom_model_data":103},"model":"greenpanda:target_dummy/right_arm"},
        {"predicate":{"custom_model_data":104},"model":"greenpanda:target_dummy/left_leg"},
        {"predicate":{"custom_model_data":105},"model":"greenpanda:target_dummy/right_leg"}
    ]
}