{
    "parent":"item/generated",
    "textures": {
        "layer0":"item/leather_horse_armor"
    },
    "overrides": [
        {"predicate": {"custom_model_data":1001}, "model":"custommobs:moobloom/head"},
        {"predicate": {"custom_model_data":1002}, "model":"custommobs:moobloom/flower2"},
        {"predicate": {"custom_model_data":1003}, "model":"custommobs:moobloom/flower3"},
        {"predicate": {"custom_model_data":1004}, "model":"custommobs:moobloom/flower4"},
        {"predicate": {"custom_model_data":1005}, "model":"custommobs:moobloom/body"},
        {"predicate": {"custom_model_data":1006}, "model":"custommobs:moobloom/leg1"},
        {"predicate": {"custom_model_data":1007}, "model":"custommobs:moobloom/leg2"},
        {"predicate": {"custom_model_data":1008}, "model":"custommobs:moobloom/leg3"},
        {"predicate": {"custom_model_data":1009}, "model":"custommobs:moobloom/leg4"},
        {"predicate": {"custom_model_data":2001}, "model":"custommobs:mosquito/body"}
    ]
}