{
    "data": 19,
    "parent": "item/generated",
    "textures": {
        "layer0": "item/leather_horse_armor"
    },
    "overrides": [
        {
            "predicate": {
                "custom_model_data": 1
            },
            "model": "modelengine:cactus_creeper/head"
        },
        {
            "predicate": {
                "custom_model_data": 2
            },
            "model": "modelengine:cactus_creeper/leg1"
        },
        {
            "predicate": {
                "custom_model_data": 3
            },
            "model": "modelengine:cactus_creeper/leg2"
        },
        {
            "predicate": {
                "custom_model_data": 4
            },
            "model": "modelengine:cactus_creeper/leg3"
        },
        {
            "predicate": {
                "custom_model_data": 5
            },
            "model": "modelengine:cactus_creeper/leg4"
        },
        {
            "predicate": {
                "custom_model_data": 6
            },
            "model": "modelengine:cactus_creeper/body"
        },
        {
            "predicate": {
                "custom_model_data": 7
            },
            "model": "modelengine:moobloom/head"
        },
        {
            "predicate": {
                "custom_model_data": 8
            },
            "model": "modelengine:moobloom/flower2"
        },
        {
            "predicate": {
                "custom_model_data": 9
            },
            "model": "modelengine:moobloom/flower3"
        },
        {
            "predicate": {
                "custom_model_data": 10
            },
            "model": "modelengine:moobloom/flower4"
        },
        {
            "predicate": {
                "custom_model_data": 11
            },
            "model": "modelengine:moobloom/body"
        },
        {
            "predicate": {
                "custom_model_data": 12
            },
            "model": "modelengine:moobloom/leg1"
        },
        {
            "predicate": {
                "custom_model_data": 13
            },
            "model": "modelengine:moobloom/leg2"
        },
        {
            "predicate": {
                "custom_model_data": 14
            },
            "model": "modelengine:moobloom/leg3"
        },
        {
            "predicate": {
                "custom_model_data": 15
            },
            "model": "modelengine:moobloom/leg4"
        },
        {
            "predicate": {
                "custom_model_data": 16
            },
            "model": "modelengine:mosquito/left_wing"
        },
        {
            "predicate": {
                "custom_model_data": 17
            },
            "model": "modelengine:mosquito/right_wing"
        },
        {
            "predicate": {
                "custom_model_data": 18
            },
            "model": "modelengine:mosquito/abdomen"
        },
        {
            "predicate": {
                "custom_model_data": 19
            },
            "model": "modelengine:mosquito/torso"
        }
    ]
}