{
	"credit": "Made with Blockbench",
	"texture_size": [32, 32],
	"textures": {
		"0": "item/mosquito",
		"particle": "item/mosquito"
	},
	"elements": [
		{
			"from": [4, 0, 2],
			"to": [11, 7, 12],
			"faces": {
				"north": {"uv": [2.5, 2.5, 4.25, 4.25], "texture": "#0"},
				"east": {"uv": [0, 2.5, 2.5, 4.25], "texture": "#0"},
				"south": {"uv": [6.75, 2.5, 8.5, 4.25], "texture": "#0"},
				"west": {"uv": [4.25, 2.5, 6.75, 4.25], "texture": "#0"},
				"up": {"uv": [4.25, 2.5, 2.5, 0], "texture": "#0"},
				"down": {"uv": [6, 0, 4.25, 2.5], "texture": "#0"}
			}
		},
		{
			"from": [7.5, 0.42807, -3.61104],
			"to": [7.5, 1.42807, 0.38896],
			"rotation": {"angle": -22.5, "axis": "x", "origin": [8, 0.5, 0]},
			"faces": {
				"north": {"uv": [2.5, 2.5, 4.25, 4.25], "texture": "#0"},
				"east": {"uv": [4.5, 4.75, 5.5, 5], "texture": "#0"},
				"south": {"uv": [6.75, 2.5, 8.5, 4.25], "texture": "#0"},
				"west": {"uv": [4.5, 4.75, 5.5, 5], "texture": "#0"},
				"up": {"uv": [4.25, 2.5, 2.5, 0], "texture": "#0"},
				"down": {"uv": [6, 0, 4.25, 2.5], "texture": "#0"}
			}
		},
		{
			"from": [5, 0, 10],
			"to": [10, 4, 16],
			"rotation": {"angle": 22.5, "axis": "x", "origin": [0, 0, 12]},
			"faces": {
				"north": {"uv": [1.25, 4.25, 2.5, 5.25], "texture": "#0"},
				"east": {"uv": [4, 4.25, 5.5, 5.25], "texture": "#0"},
				"south": {"uv": [1.25, 5.25, 2.5, 6.25], "texture": "#0"},
				"west": {"uv": [2.5, 4.25, 4, 5.25], "texture": "#0"},
				"up": {"uv": [0, 4.25, 1.25, 5.75], "texture": "#0"},
				"down": {"uv": [0, 5.75, 1.25, 7.25], "texture": "#0"}
			}
		},
		{
			"from": [6.5, 0.5, 0],
			"to": [8.5, 2.5, 2],
			"faces": {
				"north": {"uv": [2.5, 5.25, 3, 5.75], "texture": "#0"},
				"east": {"uv": [3, 5.25, 3.5, 5.75], "texture": "#0"},
				"south": {"uv": [2.5, 5.75, 3, 6.25], "texture": "#0"},
				"west": {"uv": [3.5, 5.25, 4, 5.75], "texture": "#0"},
				"up": {"uv": [4, 5.25, 4.5, 5.75], "texture": "#0"},
				"down": {"uv": [4.5, 5.25, 5, 5.75], "texture": "#0"}
			}
		}
	],
	"display": {
		"head": {
			"translation": [1.75, -41, 2.25],
			"scale": [1.75, 1.75, 1.75]
		}
	}
}