{"textures":{"0":"modelengine:entity/amethyst_guardian"},"elements":[{"name":"head","from":[5.6,12.8,5.6],"to":[10.4,17.0,10.4],"rotation":{"angle":0.0,"axis":"x","origin":[8.0,12.8,8.0]},"faces":{"down":{"uv":[9.0,1.5,11.0,3.25],"rotation":0,"texture":"#0","tintindex":0},"east":{"uv":[7.0,1.5,9.0,3.25],"rotation":0,"texture":"#0","tintindex":0},"north":{"uv":[1.75,7.25,3.75,9.0],"rotation":0,"texture":"#0","tintindex":0},"south":{"uv":[7.0,0.0,9.0,1.75],"rotation":0,"texture":"#0","tintindex":0},"up":{"uv":[9.0,0.0,11.0,1.75],"rotation":0,"texture":"#0","tintindex":0},"west":{"uv":[9.0,1.5,11.0,3.25],"rotation":0,"texture":"#0","tintindex":0}}},{"name":"extra","from":[-1.3000002,10.4,8.0],"to":[16.7,20.0,8.0],"rotation":{"angle":0.0,"axis":"x","origin":[8.0,13.400001,8.0]},"faces":{"down":{"uv":[0.0,0.0,16.0,0.0],"rotation":0,"texture":"#0","tintindex":0},"east":{"uv":[0.0,0.0,0.0,16.0],"rotation":0,"texture":"#0","tintindex":0},"north":{"uv":[1.0,12.0,8.5,16.0],"rotation":0,"texture":"#0","tintindex":0},"south":{"uv":[8.5,12.0,16.0,16.0],"rotation":0,"texture":"#0","tintindex":0},"up":{"uv":[0.0,0.0,16.0,0.0],"rotation":0,"texture":"#0","tintindex":0},"west":{"uv":[0.0,0.0,0.0,16.0],"rotation":0,"texture":"#0","tintindex":0}}}],"display":{"head":{"translation":[0.0,-6.4,0.0],"rotation":[0.0,0.0,0.0],"scale":[3.8095,3.8095,3.8095]}}}